{"cameraMode":{"drawMode":0,"name":"Shaded","section":"Shading Mode"},"sceneLighting":true,"audioPlay":false,"sceneViewState":{"showFog":true,"showMaterialUpdate":false,"showSkybox":true,"showFlares":true,"showImageEffects":true,"showParticleSystems":true,"showVisualEffectGraphs":true,"m_FxEnabled":true},"in2DMode":false,"pivot":{"x":2.6426358222961427,"y":14.299640655517579,"z":9.647174835205079},"rotation":{"x":0.024770354852080346,"y":-0.9768176078796387,"z":0.16662359237670899,"w":0.13356107473373414},"size":30.818992614746095,"orthographic":false}